Algoritmo,Num_Clusters,Ruido_Detectado,Silhouette_Score,Cohesion,Tiempo_Ejecucion_Segs
K-Means,5,0,0.0704830065369606,0.6807910827488152,3.4711437225341797
HDBSCAN,25,3579,0.22140274941921234,0.47879480374997196,18.77867078781128
